City_ID,City,Lat,Lng,Max Temp,Humidity,Cloudiness,Wind Speed,Country,Date
0,atuona,-9.8,-139.0333,78.04,71,100,21.03,PF,1670074859
1,pangnirtung,66.1451,-65.7125,-4.31,97,99,3.31,CA,1670074859
2,san quintin,30.4833,-115.95,61.72,64,100,1.5,MX,1670074860
3,santa rosa,14.3122,121.1114,84.11,80,95,9.42,PH,1670074860
4,faanui,-16.4833,-151.75,80.42,76,99,20.24,PF,1670074860
5,mataura,-46.1927,168.8643,50.49,96,100,3.47,NZ,1670074861
6,nanortalik,60.1432,-45.2371,32.56,81,100,8.16,GL,1670074861
7,erdenet,49.0333,104.0833,-11.31,90,24,3.69,MN,1670074861
8,waingapu,-9.6567,120.2641,80.15,71,83,5.86,ID,1670074861
9,victoria,22.2855,114.1577,71.94,80,100,8.99,HK,1670074716
10,valparaiso,-33.0393,-71.6273,69.01,73,40,3.44,CL,1670074801
11,qaanaaq,77.484,-69.3632,17.22,62,95,21.97,GL,1670074862
12,vaini,-21.2,-175.2,75.36,94,75,2.3,TO,1670074862
13,flinders,-34.5833,150.8552,57.06,87,0,6.2,AU,1670074862
14,airai,-8.9266,125.4092,60.73,86,97,1.34,TL,1670074863
15,east london,-33.0153,27.9116,70.74,60,0,20.71,ZA,1670074782
16,kachug,53.9606,105.8817,-0.92,95,100,3.51,RU,1670074863
17,adrar,20.5022,-10.0711,80.42,16,0,6.17,MR,1670074863
18,katsuura,35.1333,140.3,58.06,61,100,16.37,JP,1670074864
19,busselton,-33.65,115.3333,61.0,81,16,16.35,AU,1670074864
20,kraksaan,-7.7585,113.3962,79.38,83,83,4.52,ID,1670074864
21,meadville,41.6414,-80.1515,50.86,95,100,13.8,US,1670074865
22,jamestown,42.097,-79.2353,49.71,79,100,11.99,US,1670074865
23,hilo,19.7297,-155.09,74.28,90,100,3.0,US,1670074772
24,pisco,-13.7,-76.2167,66.25,72,5,4.61,PE,1670074865
25,dikson,73.5069,80.5464,11.93,97,100,10.74,RU,1670074865
26,chicama,-7.8447,-79.1469,61.34,69,68,7.09,PE,1670074866
27,springdale,36.1867,-94.1288,32.68,71,100,12.66,US,1670074748
28,korla,41.7597,86.1469,24.06,32,99,2.3,CN,1670074866
29,mumford,5.2618,-0.759,81.55,76,100,13.62,GH,1670074866
30,corowa,-36.0333,146.3833,65.41,82,1,3.22,AU,1670074867
31,ushuaia,-54.8,-68.3,46.06,46,75,6.91,AR,1670074867
32,thompson,55.7435,-97.8558,-21.84,76,0,6.91,CA,1670074867
33,bethel,41.3712,-73.414,54.48,86,100,11.5,US,1670074867
34,new norfolk,-42.7826,147.0587,56.7,72,18,1.25,AU,1670074867
35,albany,42.6001,-73.9662,48.94,80,100,9.04,US,1670074868
36,avarua,-21.2078,-159.775,78.85,94,75,6.91,CK,1670074868
37,hadrut,39.52,47.0318,34.0,99,100,4.7,AZ,1670074868
38,zhezkazgan,47.8043,67.7144,3.18,78,75,8.95,KZ,1670074868
39,punta arenas,-53.15,-70.9167,48.31,43,40,28.77,CL,1670074869
40,carnarvon,-24.8667,113.6333,70.79,77,0,17.9,AU,1670074869
41,kyshtovka,56.555,76.6271,-8.93,94,25,5.41,RU,1670074869
42,hithadhoo,-0.6,73.0833,82.96,70,100,14.27,MV,1670074869
43,cape town,-33.9258,18.4232,73.11,49,20,27.63,ZA,1670074646
44,hobart,-42.8794,147.3294,57.06,88,100,6.91,AU,1670074870
45,bluff,-46.6,168.3333,50.81,76,100,19.48,NZ,1670074870
46,karatau,43.1667,70.4667,24.6,60,75,3.49,KZ,1670074870
47,kaeo,-35.1,173.7833,54.55,92,5,4.56,NZ,1670074871
48,cabo san lucas,22.8909,-109.9124,74.52,72,0,8.05,MX,1670074871
49,kaitangata,-46.2817,169.8464,48.24,92,100,6.58,NZ,1670074871
50,hermanus,-34.4187,19.2345,66.79,55,18,15.66,ZA,1670074871
51,portland,45.5234,-122.6762,39.79,65,100,16.11,US,1670074872
52,huilong,31.8111,121.655,48.92,87,100,16.69,CN,1670074872
53,talnakh,69.4865,88.3972,-11.69,99,54,4.81,RU,1670074872
54,yumen,40.2833,97.2,13.6,85,100,2.08,CN,1670074872
55,marzuq,14.4,46.4667,75.54,27,0,7.67,YE,1670074873
56,mayo,38.8876,-76.5119,53.17,91,100,4.0,US,1670074873
57,bandarbeyla,9.4942,50.8122,79.07,66,0,19.46,SO,1670074873
58,castro,-24.7911,-50.0119,73.85,78,100,5.73,BR,1670074766
59,rikitea,-23.1203,-134.9692,73.35,73,39,16.24,PF,1670074874
60,marysville,48.0518,-122.1771,36.95,90,100,14.97,US,1670074874
61,saint-philippe,-21.3585,55.7679,80.19,76,52,4.68,RE,1670074874
62,ballarat,-37.5662,143.8496,64.58,74,0,3.0,AU,1670074875
63,oranjestad,12.524,-70.027,82.9,74,20,11.5,AW,1670074875
64,balsas,-7.5325,-46.0356,83.12,65,100,8.55,BR,1670074875
65,lagoa,39.05,-27.9833,57.2,66,100,33.15,PT,1670074875
66,chuy,-33.6971,-53.4616,70.5,73,100,4.99,UY,1670074876
67,nanakuli,21.3906,-158.1547,75.45,76,100,0.0,US,1670074876
68,mar del plata,-38.0023,-57.5575,74.95,63,0,12.66,AR,1670074876
69,kihei,20.785,-156.4656,76.84,82,0,3.44,US,1670074877
70,port alfred,-33.5906,26.891,69.19,78,34,8.01,ZA,1670074877
71,damghan,36.1683,54.348,48.4,56,70,5.7,IR,1670074877
72,saint anthony,45.0205,-93.218,5.25,75,0,11.5,US,1670074878
73,makat,47.6469,53.3463,19.24,45,0,15.03,KZ,1670074878
74,bathsheba,13.2167,-59.5167,83.01,83,40,17.27,BB,1670074878
75,pemba,-12.974,40.5178,81.63,72,58,16.22,MZ,1670074878
76,kirakira,-10.4544,161.9205,78.22,83,100,2.64,SB,1670074879
77,huarmey,-10.0681,-78.1522,69.3,80,9,6.96,PE,1670074879
78,khani,41.9563,42.9566,36.97,95,100,2.8,GE,1670074880
79,bam,29.106,58.357,60.03,32,3,5.93,IR,1670074880
80,sept-iles,50.2001,-66.3821,34.23,81,100,12.66,CA,1670074880
81,tuktoyaktuk,69.4541,-133.0374,30.36,90,100,32.82,CA,1670074880
82,dzhebariki-khaya,62.2167,135.8,-38.76,99,98,1.5,RU,1670074881
83,luanda,-8.8368,13.2343,81.3,73,84,10.54,AO,1670074135
84,san patricio,28.017,-97.5169,68.09,92,100,3.96,US,1670074881
85,teya,60.3778,92.6267,-6.75,98,99,4.16,RU,1670074882
86,tasiilaq,65.6145,-37.6368,32.16,95,100,24.79,GL,1670074882
87,ancud,-41.8697,-73.8203,56.26,91,68,12.41,CL,1670074883
88,shishou,29.7226,112.419,43.21,58,100,8.08,CN,1670074883
89,yellowknife,62.456,-114.3525,-21.48,76,100,6.91,CA,1670074883
90,nixa,37.0434,-93.2944,28.74,75,93,5.01,US,1670074884
91,barcelos,41.5388,-8.6151,57.34,51,0,2.3,PT,1670074875
92,arraial do cabo,-22.9661,-42.0278,76.96,83,75,23.02,BR,1670074885
93,kahului,20.8947,-156.47,76.84,81,0,11.01,US,1670074775
94,vao,-22.6667,167.4833,77.13,90,100,5.35,NC,1670074886
95,zheleznodorozhnyy,55.7503,38.0042,19.92,93,99,6.8,RU,1670074886
96,georgetown,5.4112,100.3354,81.23,90,40,5.75,MY,1670074839
97,berdigestyakh,62.0989,126.6992,-24.25,100,100,0.38,RU,1670074886
98,shebalino,51.2917,85.6772,0.79,84,8,5.28,RU,1670074886
99,aketi,2.7388,23.7833,93.99,33,29,3.8,CD,1670074886
100,melilla,35.2937,-2.9383,66.4,63,0,6.91,ES,1670074794
101,tiksi,71.6872,128.8694,-6.48,98,100,23.09,RU,1670074704
102,riyadh,24.6877,46.7219,80.74,25,0,10.92,SA,1670074267
103,barrow,71.2906,-156.7887,24.82,68,100,19.57,US,1670074887
104,yanaul,56.2719,54.9309,-6.32,89,1,2.39,RU,1670074887
105,salalah,17.0151,54.0924,82.49,61,0,5.75,OM,1670074745
106,saquena,-4.6667,-73.5167,83.79,49,100,3.53,PE,1670074888
107,provideniya,64.3833,-173.3,25.66,91,100,11.32,RU,1670074888
108,acapulco,16.8634,-99.8901,77.4,66,85,3.53,MX,1670074819
109,barra do garcas,-15.89,-52.2567,81.18,78,75,4.61,BR,1670074888
110,apollonia,36.9716,24.7231,58.59,72,98,7.43,GR,1670074761
111,northam,51.0333,-4.2167,43.39,80,100,15.66,GB,1670074889
112,norman wells,65.282,-126.8329,23.04,100,100,5.75,CA,1670074889
113,upernavik,72.7868,-56.1549,31.35,80,100,28.7,GL,1670074890
114,asau,46.4333,26.4,31.12,89,84,3.36,RO,1670074890
115,puerto ayora,-0.7393,-90.3518,69.55,91,90,8.01,EC,1670074890
116,berlevag,70.8578,29.0864,30.15,74,32,23.02,NO,1670074890
117,panaba,21.2833,-88.2667,78.71,72,0,11.1,MX,1670074890
118,baykit,61.67,96.37,-5.31,100,97,2.68,RU,1670074891
119,saint-pierre,-21.3393,55.4781,80.28,69,0,10.36,RE,1670074891
120,pocking,48.4,13.3167,41.23,81,100,6.67,DE,1670074891
121,butaritari,3.0707,172.7902,81.41,75,5,18.41,KI,1670074891
122,nome,64.5011,-165.4064,32.07,93,100,0.0,US,1670074892
123,cabedelo,-6.9811,-34.8339,84.87,64,25,15.73,BR,1670074892
124,bengkulu,-3.8004,102.2655,75.24,90,100,4.85,ID,1670074893
125,mahibadhoo,3.7833,72.9667,80.85,78,100,7.65,MV,1670074880
126,sanford,28.8006,-81.2731,70.99,93,0,3.44,US,1670074893
127,nizwa,22.9333,57.5333,76.01,31,21,5.53,OM,1670074894
128,san bartolo,19.1833,-100.05,52.45,78,0,6.2,MX,1670074894
129,lethem,3.3803,-59.7968,84.63,63,100,10.13,GY,1670074894
130,kimberley,-28.7323,24.7623,91.09,12,0,13.8,ZA,1670074894
131,mangrol,21.1167,70.1167,76.23,60,93,5.95,IN,1670074895
132,kapaa,22.0752,-159.319,79.12,85,100,12.66,US,1670074895
133,hastings,50.8552,0.5729,42.98,80,96,18.63,GB,1670074817
134,aden,12.7794,45.0367,79.63,68,9,11.12,YE,1670074674
135,belur,13.1667,75.8667,72.91,69,100,1.52,IN,1670074895
136,namibe,-15.1961,12.1522,75.43,73,17,12.33,AO,1670074895
137,atar,20.5169,-13.0499,84.38,10,0,7.67,MR,1670074896
138,kirkuk,35.4681,44.3922,61.61,63,5,2.28,IQ,1670074710
139,balao,-2.9167,-79.8167,75.63,75,50,3.87,EC,1670074896
140,aswan,24.0934,32.907,79.9,24,0,6.91,EG,1670074896
141,kununurra,-15.7667,128.7333,80.58,47,66,1.14,AU,1670074897
142,ponta do sol,32.6667,-17.1,65.03,68,63,8.61,PT,1670074897
143,maposeni,-10.5833,35.4,80.62,49,97,6.49,TZ,1670074897
144,rio grande,-32.035,-52.0986,75.31,92,100,9.17,BR,1670074854
145,souillac,-20.5167,57.5167,80.98,61,20,8.05,MU,1670074898
146,buala,-8.145,159.5921,78.49,82,92,4.83,SB,1670074898
147,lerwick,60.1545,-1.1494,46.4,77,100,23.15,GB,1670074899
148,talaya,61.3833,152.75,-23.42,99,40,3.89,RU,1670074899
149,felanitx,39.4696,3.1483,61.95,65,77,6.53,ES,1670074899
150,axim,4.8699,-2.2405,81.66,76,96,11.65,GH,1670074899
151,walvis bay,-22.9575,14.5053,77.95,44,0,8.05,NA,1670074900
152,auki,-8.7676,160.7034,76.14,88,100,4.81,SB,1670074900
153,superior,46.7208,-92.1041,2.48,73,0,17.27,US,1670074900
154,anloga,5.7947,0.8973,83.34,72,99,12.53,GH,1670074901
155,mahebourg,-20.4081,57.7,80.89,61,20,8.05,MU,1670074901
156,ribeira grande,38.5167,-28.7,56.77,62,40,6.91,PT,1670074901
157,port macquarie,-31.4333,152.9167,59.9,82,53,1.54,AU,1670074902
158,longyearbyen,78.2186,15.6401,35.44,100,75,16.11,SJ,1670074902
159,mombris,50.0667,9.1667,39.65,85,91,1.99,DE,1670074769
160,nouadhibou,20.931,-17.0347,75.18,53,0,6.91,MR,1670074903
161,aitape,-3.1374,142.3475,78.75,89,100,5.57,PG,1670074903
162,bredasdorp,-34.5322,20.0403,66.65,44,90,14.05,ZA,1670074903
163,ahuimanu,21.4447,-157.8378,75.2,90,75,5.75,US,1670074903
164,mareeba,-17.0,145.4333,74.12,87,31,2.26,AU,1670074904
165,aksu,41.1231,80.2644,24.08,26,14,3.8,CN,1670074904
166,barra patuca,15.8,-84.2833,79.38,80,2,14.45,HN,1670074904
167,orcopampa,-15.2661,-72.3417,50.74,15,1,1.43,PE,1670074904
168,tazmalt,36.3868,4.3989,60.53,41,47,9.62,DZ,1670074904
169,leh,34.1667,77.5833,24.08,47,2,2.57,IN,1670074905
170,leningradskiy,69.3833,178.4167,2.26,76,96,9.31,RU,1670074841
171,port elizabeth,-33.918,25.5701,70.11,71,20,25.32,ZA,1670074675
172,tuatapere,-46.1333,167.6833,47.5,85,100,6.91,NZ,1670074905
173,paranhos,-23.8928,-55.4311,82.11,60,100,5.46,BR,1670074905
174,praia da vitoria,38.7333,-27.0667,55.76,76,75,35.9,PT,1670074906
175,anadyr,64.75,177.4833,16.3,72,0,2.24,RU,1670074906
176,vilcun,-38.65,-72.2333,57.94,71,91,5.3,CL,1670074906
177,salta,-24.7859,-65.4117,78.58,40,20,4.61,AR,1670074906
178,khatanga,71.9667,102.5,-3.14,96,100,13.56,RU,1670074907
179,deputatskiy,69.3,139.9,-14.71,86,97,18.7,RU,1670074907
180,burnie,-41.0667,145.9167,56.95,92,7,3.11,AU,1670074907
181,ulladulla,-35.35,150.4667,56.43,90,1,4.34,AU,1670074908
182,taoudenni,22.6783,-3.9836,83.8,13,0,4.07,ML,1670074908
183,cidreira,-30.1811,-50.2056,77.4,81,100,4.72,BR,1670074908
184,vokhma,58.9303,46.7586,5.85,95,100,2.77,RU,1670074908
185,vila franca do campo,37.7167,-25.4333,56.19,79,98,28.79,PT,1670074908
186,mbandaka,0.0487,18.2603,80.24,73,93,1.28,CD,1670074909
187,bahia de caraquez,-0.6,-80.4167,75.38,75,58,2.89,EC,1670074909
188,marsh harbour,26.5412,-77.0636,76.3,59,0,21.36,BS,1670074909
189,port lincoln,-34.7333,135.8667,71.64,44,0,8.79,AU,1670074909
190,tevaitoa,-16.7833,-151.5,80.42,75,100,19.93,PF,1670074909
191,spasskoye,44.6108,132.7969,7.92,67,18,13.15,RU,1670074804
192,bambous virieux,-20.3428,57.7575,80.85,61,20,8.05,MU,1670074910
193,boende,-0.2167,20.8667,79.11,77,97,3.02,CD,1670074910
194,isangel,-19.55,169.2667,80.73,87,100,8.63,VU,1670074910
195,nemuro,43.3236,145.575,41.54,82,100,17.74,JP,1670074910
196,saskylakh,71.9167,114.0833,1.11,92,100,18.86,RU,1670074911
197,maun,-19.9833,23.4167,96.76,20,40,6.91,BW,1670074911
198,kumluca,36.3703,30.2869,64.49,68,36,3.74,TR,1670074911
199,samarai,-10.6167,150.6667,77.85,88,100,8.05,PG,1670074911
200,sao gabriel da cachoeira,-0.1303,-67.0892,73.2,100,100,6.91,BR,1670074912
201,inirida,3.8653,-67.9239,82.81,63,100,0.87,CO,1670074912
202,rio gallegos,-51.6226,-69.2181,53.65,32,20,16.11,AR,1670074680
203,jacmel,18.2342,-72.5347,80.44,53,0,2.24,HT,1670074912
204,whitehorse,60.7161,-135.0538,11.17,85,100,9.22,CA,1670074913
205,the valley,18.217,-63.0578,82.26,65,20,9.22,AI,1670074913
206,ferme-neuve,46.7001,-75.4493,37.89,91,100,11.41,CA,1670074913
207,russell,32.3502,-85.1999,59.0,100,75,0.0,US,1670074914
208,porto novo,6.4965,2.6036,87.62,62,82,9.89,BJ,1670074914
209,fort morgan,40.2503,-103.8,20.62,79,0,0.0,US,1670074915
210,torbay,47.6666,-52.7314,34.57,65,75,5.75,CA,1670074916
211,nhulunbuy,-12.2333,136.7667,79.41,78,12,0.0,AU,1670074916
212,sibiti,-3.6819,13.3499,78.12,74,100,1.19,CG,1670074917
213,broome,42.2506,-75.833,44.69,87,100,11.5,US,1670074917
214,vila velha,-20.3297,-40.2925,78.75,92,100,13.8,BR,1670074858
215,beloha,-25.1667,45.05,81.39,61,100,9.48,MG,1670074917
216,port-gentil,-0.7193,8.7815,80.56,89,75,5.75,GA,1670074917
217,severo-kurilsk,50.6789,156.125,24.44,80,93,9.8,RU,1670074918
218,la palma,33.8464,-118.0467,59.9,90,0,6.91,US,1670074918
219,kalmunai,7.4167,81.8167,79.52,81,90,6.35,LK,1670074918
220,dunedin,-45.8742,170.5036,50.81,82,100,1.01,NZ,1670074918
221,fairbanks,64.8378,-147.7164,24.22,91,100,0.0,US,1670074918
222,preston,53.7667,-2.7167,46.22,77,93,8.16,GB,1670074912
223,mackay,-21.15,149.2,69.67,72,4,14.52,AU,1670074919
224,codrington,-38.2667,141.9667,59.36,63,0,5.99,AU,1670074919
225,naze,28.3667,129.4833,67.12,83,100,13.04,JP,1670074919
226,moree,-29.4667,149.85,67.5,50,49,13.09,AU,1670074919
227,saint george,37.1041,-113.5841,43.39,64,100,0.0,US,1670074920
228,grand gaube,-20.0064,57.6608,81.0,62,29,5.01,MU,1670074920
229,coahuayana,18.7333,-103.6833,75.18,73,56,2.71,MX,1670074920
230,paamiut,61.994,-49.6678,28.35,93,100,7.2,GL,1670074658
231,yizheng,24.6706,103.4296,50.02,87,0,5.23,CN,1670074921
232,charters towers,-20.1,146.2667,70.38,71,11,9.86,AU,1670074921
233,hasaki,35.7333,140.8333,43.21,66,100,13.09,JP,1670074921
234,soure,-0.7167,-48.5233,80.71,79,88,10.22,BR,1670074921
235,kudahuvadhoo,2.6708,72.8944,78.93,81,93,8.28,MV,1670074922
236,padang,-0.9492,100.3543,77.05,84,100,2.37,ID,1670074671
237,sitka,57.0531,-135.33,30.09,69,40,4.61,US,1670074922
238,gizo,-8.103,156.8419,79.56,80,100,4.56,SB,1670074923
239,yeppoon,-23.1333,150.7333,69.58,66,2,16.82,AU,1670074923
240,liaoyang,41.2719,123.1731,8.92,24,0,9.17,CN,1670074923
241,vysokogornyy,50.1167,139.15,-1.12,94,100,7.49,RU,1670074924
242,progreso,21.2833,-89.6667,79.39,75,0,13.82,MX,1670074924
243,san vicente de canete,-13.0751,-76.3835,70.61,75,25,4.38,PE,1670074924
244,san andres,12.5847,-81.7006,82.42,69,20,17.27,CO,1670074733
245,sambava,-14.2667,50.1667,79.3,71,30,7.07,MG,1670074925
246,bonavista,48.6499,-53.1147,31.3,65,6,7.0,CA,1670074925
247,vostok,46.4856,135.8833,-3.1,98,95,6.4,RU,1670074776
248,bhuban,20.8833,85.8333,72.55,56,0,2.46,IN,1670074925
249,americus,32.0724,-84.2327,51.93,100,75,0.0,US,1670074702
250,gazanjyk,39.2446,55.5154,41.65,25,100,15.1,TM,1670074926
251,douglas,41.3,-96.167,11.75,70,0,3.44,US,1670074926
252,aklavik,68.2191,-135.0107,27.39,85,100,3.4,CA,1670074926
253,hilton head island,32.2163,-80.7526,60.98,98,20,0.0,US,1670074926
254,clyde river,70.4692,-68.5914,3.43,72,72,20.71,CA,1670074927
255,oriximina,-1.7656,-55.8661,86.83,61,88,3.29,BR,1670074927
256,half moon bay,37.4636,-122.4286,48.6,93,100,3.44,US,1670074927
257,kargil,34.5667,76.1,24.64,50,28,5.01,IN,1670074927
258,iranshahr,27.2025,60.6848,77.34,16,0,6.91,IR,1670074673
259,esperance,-33.8667,121.9,62.44,86,97,11.52,AU,1670074928
260,juneau,58.3019,-134.4197,25.21,94,20,5.75,US,1670074844
261,kodiak,57.79,-152.4072,18.91,86,0,6.91,US,1670074928
262,matay,28.419,30.7792,75.09,33,100,15.66,EG,1670074928
263,ati,13.2154,18.3353,97.18,12,0,13.76,TD,1670074929
264,cambados,42.5122,-8.8131,57.25,60,0,9.06,ES,1670074929
265,moranbah,-22.0016,148.0466,70.47,67,86,13.65,AU,1670074929
266,geraldton,-28.7667,114.6,68.41,77,100,11.5,AU,1670074929
267,jalu,29.0331,21.5482,71.89,25,5,6.08,LY,1670074930
268,lahan,26.7296,86.4951,66.0,57,57,3.76,NP,1670074930
269,chokurdakh,70.6333,147.9167,-5.15,94,100,18.54,RU,1670074931
270,robe,-37.1833,139.75,61.83,54,0,8.5,AU,1670074931
271,itau de minas,-20.7394,-46.7522,79.65,64,94,6.11,BR,1670074931
272,kloulklubed,7.0419,134.2556,79.3,77,100,17.09,PW,1670074931
273,cherskiy,68.75,161.3,-8.93,86,4,9.73,RU,1670074931
274,les cayes,18.2,-73.75,82.54,57,13,9.24,HT,1670074647
275,rudraprayag,30.2833,78.9833,58.5,67,0,0.65,IN,1670074932
276,nikolskoye,59.7035,30.7861,24.69,87,100,7.58,RU,1670074932
277,tarpon springs,28.1461,-82.7568,69.13,88,0,5.01,US,1670074932
278,husavik,66.0449,-17.3389,35.4,88,100,2.82,IS,1670074932
279,baker city,44.7749,-117.8344,17.31,73,0,10.36,US,1670074933
280,lasa,46.6166,10.7002,43.68,95,100,4.92,IT,1670074933
281,xining,36.6167,101.7667,22.87,40,100,3.33,CN,1670074933
282,masunga,-20.6246,27.4488,88.21,25,90,4.29,BW,1670074934
283,port hedland,-20.3167,118.5667,82.45,74,0,13.8,AU,1670074935
284,meulaboh,4.1363,96.1285,75.52,87,100,3.94,ID,1670074935
285,bien hoa,10.95,106.8167,75.18,89,100,3.24,VN,1670074935
286,kidal,18.4411,1.4078,90.52,11,2,5.68,ML,1670074935
287,yar-sale,66.8333,70.8333,25.09,96,100,17.0,RU,1670074936
288,narsaq,60.9167,-46.05,32.22,94,100,1.12,GL,1670074936
289,fergus falls,46.283,-96.0776,-1.82,84,96,9.22,US,1670074937
290,shizukuishi,39.6833,140.9833,41.68,97,99,5.7,JP,1670074937
291,malazgirt,39.1427,42.5401,41.77,72,64,5.86,TR,1670074937
292,rocha,-34.4833,-54.3333,73.92,53,100,5.44,UY,1670074937
293,san pedro,14.35,121.0167,83.35,80,20,8.05,PH,1670074938
294,berlin,52.5244,13.4105,32.36,90,100,9.22,DE,1670074670
295,qaqortoq,60.7167,-46.0333,28.63,89,100,1.88,GL,1670074658
296,lata,40.1629,-8.3327,61.07,58,0,2.42,PT,1670074939
297,taksimo,56.3444,114.8794,-11.52,87,94,4.34,RU,1670074939
298,lundazi,-12.2929,33.1782,75.96,58,97,7.9,ZM,1670074939
299,havelock,34.8791,-76.9013,63.95,94,20,9.22,US,1670074939
300,tilichiki,60.4667,166.1,23.77,90,100,7.05,RU,1670074940
301,acopiara,-6.0953,-39.4525,90.86,31,46,9.57,BR,1670074940
302,iguape,-24.7081,-47.5553,79.88,75,100,2.04,BR,1670074940
303,pevek,69.7008,170.3133,-4.14,84,3,13.67,RU,1670074940
304,camacha,33.0833,-16.3333,60.22,67,20,11.5,PT,1670074941
305,muros,42.7762,-9.0603,55.09,57,1,13.71,ES,1670074941
306,galle,6.0367,80.217,78.98,81,98,3.53,LK,1670074941
307,alofi,-19.0595,-169.9187,71.49,100,99,0.0,NU,1670074941
308,hailun,47.45,126.9333,-11.18,96,99,3.24,CN,1670074941
309,dingle,10.9995,122.6711,76.48,91,77,6.8,PH,1670074942
310,san lorenzo,-25.3333,-57.5333,81.54,74,75,3.44,PY,1670074942
311,beringovskiy,63.05,179.3167,25.16,79,100,22.08,RU,1670074942
312,tanabe,33.7333,135.3667,50.0,79,100,1.77,JP,1670074942
313,otane,-39.8833,176.6333,47.01,95,7,2.19,NZ,1670074943
314,ahipara,-35.1667,173.1667,55.38,85,9,5.68,NZ,1670074943
315,cockburn town,21.4612,-71.1419,79.88,66,52,21.54,TC,1670074943
316,saint-augustin,51.226,-58.6502,19.29,87,55,2.73,CA,1670074943
317,urengoy,65.9667,78.3667,13.32,94,92,10.49,RU,1670074943
318,sao felix do xingu,-6.6447,-51.995,83.44,69,92,2.19,BR,1670074944
319,zacualtipan,20.65,-98.6,54.75,85,52,1.1,MX,1670074944
320,chapais,49.7834,-74.8492,31.78,98,100,13.31,CA,1670074944
321,portlethen,57.0547,-2.1307,44.37,80,75,10.36,GB,1670074944
322,ewa beach,21.3156,-158.0072,75.43,86,100,5.75,US,1670074944
323,sobolevo,54.4299,31.8996,24.3,90,100,11.07,RU,1670074945
324,trincomalee,8.5711,81.2335,81.1,77,95,8.25,LK,1670074945
325,ayolas,-27.4,-56.9,86.83,52,23,3.33,PY,1670074945
326,guilin,25.2819,110.2864,44.71,86,100,7.09,CN,1670074945
327,sakaiminato,35.55,133.2333,51.78,71,75,5.75,JP,1670074945
328,slave lake,55.2834,-114.769,4.98,66,75,10.36,CA,1670074946
329,tarauaca,-8.1614,-70.7656,81.12,64,100,1.28,BR,1670074946
330,maradi,13.5,7.1017,95.22,17,0,9.22,NE,1670074946
331,klaksvik,62.2266,-6.589,45.52,97,100,17.96,FO,1670074940
332,hamilton,39.1834,-84.5333,56.17,81,100,11.99,US,1670074824
333,tabou,4.423,-7.3528,81.0,76,100,9.28,CI,1670074947
334,holbeach,52.804,0.0144,46.6,91,100,16.11,GB,1670074948
335,hovd,48.0056,91.6419,-0.49,76,0,4.5,MN,1670074948
336,jieshi,22.8134,115.8257,68.29,83,13,9.28,CN,1670074949
337,beyneu,45.3167,55.2,20.08,38,0,12.37,KZ,1670074949
338,san luis,-33.295,-66.3356,85.03,23,0,6.8,AR,1670074949
339,pedernales,18.0384,-71.744,80.46,60,0,3.4,DO,1670074949
340,tocopilla,-22.092,-70.1979,71.2,59,3,7.27,CL,1670074950
341,lompoc,34.6391,-120.4579,59.77,97,0,6.91,US,1670074950
342,krasnaya zarya,52.7825,37.6806,21.51,76,54,10.63,RU,1670074950
343,paita,-5.0892,-81.1144,70.12,76,21,12.15,PE,1670074950
344,key west,24.5557,-81.7826,82.4,71,20,10.36,US,1670074951
345,taicheng,38.731,113.228,20.23,20,40,3.87,CN,1670074951
346,zwedru,6.0667,-8.1281,84.4,65,98,0.98,LR,1670074951
347,carutapera,-1.195,-46.02,87.89,53,83,11.68,BR,1670074952
348,palauig,15.435,119.9045,81.37,72,100,4.25,PH,1670074952
349,banda aceh,5.5577,95.3222,77.25,88,100,10.4,ID,1670074952
350,nunkini,20.3333,-90.1833,75.29,81,5,7.16,MX,1670074952
351,mananjary,-21.2167,48.3333,80.37,71,33,12.77,MG,1670074953
352,krasnoarmeysk,51.0239,45.6969,17.2,49,0,12.59,RU,1670074953
353,verkhnyaya inta,65.9811,60.3094,10.83,95,100,14.29,RU,1670074953
354,port hardy,50.6996,-127.4199,33.98,75,20,16.11,CA,1670074954
355,maracacume,-2.0428,-45.9592,87.46,53,74,5.53,BR,1670074954
356,campbeltown,55.4258,-5.6076,46.45,70,100,10.36,GB,1670074678
357,kavaratti,10.5669,72.642,82.65,70,99,5.91,IN,1670074954
358,sinnamary,5.3833,-52.95,80.92,76,89,7.94,GF,1670074954
359,kiama,-34.6833,150.8667,64.99,93,0,7.14,AU,1670074955
360,kemijarvi,66.7131,27.4306,12.81,98,87,2.91,FI,1670074955
361,chudovo,59.1167,31.6833,24.69,86,100,8.14,RU,1670074955
362,quatre cocos,-20.2078,57.7625,80.71,63,3,10.36,MU,1670074955
363,changji,44.0167,87.3167,12.99,92,75,2.24,CN,1670074955
364,deer lake,49.1667,-57.4316,30.06,74,100,4.61,CA,1670074956
365,placido de castro,-10.3353,-67.1856,77.65,69,96,1.32,BR,1670074956
366,iqaluit,63.7506,-68.5145,8.33,72,75,2.3,CA,1670074956
367,alpena,45.0617,-83.4327,35.92,86,100,17.27,US,1670074956
368,fasa,28.9383,53.6482,67.24,24,0,6.91,IR,1670074957
369,takoradi,4.8845,-1.7554,81.82,76,99,12.93,GH,1670074957
370,yining,29.0361,114.5636,43.12,91,100,2.71,CN,1670074957
371,yulara,-25.2406,130.9889,83.88,11,0,14.38,AU,1670074958
372,san cristobal,7.7669,-72.225,64.58,74,88,3.09,VE,1670074791
373,puerto del rosario,28.5004,-13.8627,65.95,88,75,6.91,ES,1670074879
374,haines junction,60.7522,-137.5108,12.15,79,49,2.3,CA,1670074959
375,yairipok,24.6667,94.0667,59.5,82,0,1.77,IN,1670074959
376,pop,40.8736,71.1089,37.89,51,100,3.42,UZ,1670074959
377,bay roberts,47.5999,-53.2648,35.33,66,10,4.0,CA,1670074960
378,kruisfontein,-34.0033,24.7314,67.89,53,99,18.05,ZA,1670074960
379,khandyga,62.6667,135.6,-38.29,100,98,3.0,RU,1670074776
380,coquimbo,-29.9533,-71.3436,60.53,82,100,5.75,CL,1670074923
381,igarka,67.4667,86.5833,-9.24,99,68,5.75,RU,1670074961
382,ous,60.9058,61.5186,1.4,96,21,3.62,RU,1670074961
383,raigarh,21.9,83.4,69.75,52,0,1.45,IN,1670074961
384,olafsvik,64.8945,-23.7142,40.37,79,3,6.58,IS,1670074961
385,griffith,41.5284,-87.4237,25.25,70,0,11.5,US,1670074961
386,lavrentiya,65.5833,-171.0,23.4,82,100,7.7,RU,1670074962
387,lewiston,44.1003,-70.2148,50.25,91,100,6.91,US,1670074962
388,thunder bay,48.4001,-89.3168,4.98,66,40,10.36,CA,1670074962
389,port blair,11.6667,92.75,84.24,74,75,6.91,IN,1670074963
390,antalaha,-14.9003,50.2788,78.48,74,51,6.85,MG,1670074963
391,viedma,-40.8135,-62.9967,84.15,20,100,5.57,AR,1670074963
392,sao joao da barra,-21.6403,-41.0511,77.09,92,100,17.76,BR,1670074963
393,honningsvag,70.9821,25.9704,26.35,80,100,17.27,NO,1670074964
394,sao sebastiao,-23.76,-45.4097,83.53,69,100,4.9,BR,1670074964
395,puerto baquerizo moreno,-0.9,-89.6,69.26,81,95,9.17,EC,1670074964
396,doha,25.2867,51.5333,82.71,55,0,12.66,QA,1670074840
397,moindou,-21.6924,165.677,78.53,88,100,3.6,NC,1670074965
398,lebu,-37.6167,-73.65,63.3,79,39,7.7,CL,1670074965
399,lac du bonnet,50.2536,-96.0612,-3.37,89,80,8.34,CA,1670074965
400,penha,-26.7694,-48.6458,76.87,94,40,10.36,BR,1670074966
401,wamba,8.9333,8.6,97.47,15,46,7.96,NG,1670074966
402,hobyo,5.3505,48.5268,80.82,66,93,16.98,SO,1670074966
403,general pico,-35.6566,-63.7568,84.29,23,0,8.25,AR,1670074740
404,sergiyevsk,53.9413,51.165,3.33,94,7,3.58,RU,1670074967
405,coihaique,-45.5752,-72.0662,57.81,62,40,12.66,CL,1670074845
406,datong,40.0936,113.2914,17.47,24,0,1.43,CN,1670074967
407,verkhoyansk,67.5447,133.385,-9.17,99,100,4.47,RU,1670074967
408,sira,13.7453,76.9092,79.2,57,100,9.69,IN,1670074967
409,ales,44.1333,4.0833,43.88,92,100,7.65,FR,1670074890
410,santa fe,-31.6333,-60.7,86.02,46,0,4.0,AR,1670074795
411,mollendo,-17.0231,-72.0147,70.99,68,41,9.06,PE,1670074968
412,cruz das almas,-12.67,-39.1019,79.07,77,95,7.87,BR,1670074968
413,darovskoy,58.77,47.9564,2.52,95,100,1.9,RU,1670074968
414,aksehir,38.3575,31.4164,52.32,57,89,3.91,TR,1670074969
415,bosansko grahovo,44.1794,16.3639,45.64,90,100,7.05,BA,1670074969
416,svetlogorsk,52.6333,29.7333,27.34,88,100,9.53,BY,1670074725
417,hirara,24.8,125.2833,75.36,81,4,12.71,JP,1670074969
418,kiruna,67.8557,20.2251,22.12,93,100,6.91,SE,1670074969
419,fare,-16.7,-151.0167,80.69,74,93,19.51,PF,1670074970
420,sembe,1.6481,14.5806,79.23,82,100,1.7,CG,1670074970
421,bilma,18.6853,12.9164,87.76,12,9,8.01,NE,1670074970
422,gberia fotombu,9.8833,-11.1667,87.91,46,88,4.36,SL,1670074971
423,bemidji,47.4736,-94.8803,-1.08,84,0,0.0,US,1670074971
424,wawa,9.9022,4.4192,95.72,21,28,2.75,NG,1670074971
425,jian,27.1172,114.9793,43.39,92,100,6.6,CN,1670074971
426,saint-leu,-21.15,55.2833,79.66,77,55,6.71,RE,1670074972
427,harnai,30.1005,67.9374,60.04,29,10,1.52,PK,1670074972
428,dandong,40.1292,124.3947,18.64,27,0,7.63,CN,1670074972
429,sangar,63.9242,127.4739,-32.53,96,97,3.24,RU,1670074972
430,matamoros,25.5333,-103.25,61.11,56,0,1.48,MX,1670074972
431,canutama,-6.5339,-64.3831,72.37,99,100,3.38,BR,1670074973
432,gat,31.61,34.7642,74.08,37,91,8.48,IL,1670074973
433,kismayo,-0.3582,42.5454,81.73,66,0,11.43,SO,1670074680
434,springbok,-29.6643,17.8865,79.83,10,14,16.6,ZA,1670074973
435,ponta delgada,37.7333,-25.6667,56.5,71,40,20.71,PT,1670074878
436,gigmoto,13.7796,124.39,80.15,88,29,8.84,PH,1670074974
437,santa cruz,-17.8,-63.1667,86.05,45,15,14.97,BO,1670074735
438,spijkenisse,51.845,4.3292,36.05,84,100,10.36,NL,1670074974
439,grajau,-5.8194,-46.1386,80.42,85,99,6.33,BR,1670074974
440,bucerias,20.75,-105.3333,71.98,94,0,0.0,MX,1670074974
441,maceio,-9.6658,-35.7353,81.84,78,75,11.5,BR,1670074897
442,tigre,-34.426,-58.5796,78.26,51,0,5.75,AR,1670074870
443,nelson bay,-32.7167,152.15,66.0,86,36,4.0,AU,1670074975
444,plainview,40.7765,-73.4673,56.95,85,100,17.27,US,1670074976
445,shingu,33.7333,135.9833,48.87,78,100,4.52,JP,1670074720
446,vallenar,-28.5708,-70.7581,76.86,39,0,5.61,CL,1670074976
447,pacific grove,36.6177,-121.9166,51.12,93,100,3.0,US,1670074976
448,ilulissat,69.2167,-51.1,37.42,56,75,14.97,GL,1670074977
449,le pont-de-claix,45.1244,5.7064,45.0,89,100,1.32,FR,1670074977
450,rundu,-17.9333,19.7667,100.71,12,78,4.83,NA,1670074977
451,ecublens,46.529,6.5626,46.27,89,100,8.72,CH,1670074977
452,abnub,27.2696,31.1511,73.62,28,100,10.45,EG,1670074977
453,west odessa,31.8424,-102.4988,42.82,49,0,18.41,US,1670074978
454,lubbock,33.6001,-101.8338,35.38,52,20,9.22,US,1670074978
455,saint-francois,46.4154,3.9054,38.64,87,75,9.22,FR,1670074978
456,kavieng,-2.5744,150.7967,82.15,77,100,8.61,PG,1670074978
457,krasnoselkup,65.7,82.4667,6.26,99,97,6.38,RU,1670074979
458,sumenep,-7.0167,113.8667,81.45,75,93,3.8,ID,1670074979
459,manacapuru,-3.2997,-60.6206,80.94,78,96,3.65,BR,1670074979
460,lagoa vermelha,-28.2086,-51.5258,74.43,68,100,4.27,BR,1670074979
461,selfoss,63.9331,-20.9971,31.05,74,0,7.9,IS,1670074980
462,ust-barguzin,53.45,108.9833,7.38,89,99,5.1,RU,1670074980
463,rio bravo,25.9833,-98.1,69.08,98,47,5.03,MX,1670074980
464,cristalina,-16.7686,-47.6136,66.2,84,100,11.21,BR,1670074980
465,bous,49.2833,6.8,37.72,88,54,1.99,DE,1670074980
466,stromness,58.965,-3.296,46.36,84,100,15.01,GB,1670074981
467,benjamin constant,-4.3831,-70.0311,78.93,88,75,4.61,BR,1670074981
468,umarkot,25.3616,69.7362,72.86,20,0,5.68,PK,1670074981
469,necochea,-38.5473,-58.7368,80.83,27,2,8.28,AR,1670074982
470,khilok,51.3674,110.4676,0.37,89,100,12.44,RU,1670074982
471,gilgit,35.9221,74.3087,45.55,51,18,0.92,PK,1670074982
472,koutsouras,35.0339,25.9469,64.11,70,100,5.75,GR,1670074983
473,sao filipe,14.8961,-24.4956,73.0,61,84,8.46,CV,1670074983
474,maraa,-1.8333,-65.3667,80.87,76,100,2.57,BR,1670074983
475,jumla,29.2747,82.1838,41.92,54,0,5.21,NP,1670074983
476,shuangyang,43.5242,125.6736,7.75,50,0,11.61,CN,1670074984
477,tomigusuku,26.185,127.675,69.93,83,75,23.02,JP,1670074984
478,luderitz,-26.6481,15.1594,71.47,50,0,29.21,NA,1670074984
479,floro,61.5996,5.0328,39.16,52,41,14.97,NO,1670074984
480,maralal,1.0968,36.698,67.68,58,99,14.2,KE,1670074985
481,laguna de perlas,12.3429,-83.6712,75.29,86,28,13.65,NI,1670074985
482,urumqi,43.801,87.6005,9.55,92,75,2.24,CN,1670074985
483,saldanha,-33.0117,17.9442,69.85,63,100,24.7,ZA,1670074780
484,puerto escondido,15.85,-97.0667,78.55,58,0,4.27,MX,1670074985
485,miquelon,47.0975,-56.3814,35.6,65,39,7.85,PM,1670074986
486,tessalit,20.1986,1.0114,89.62,11,5,10.85,ML,1670074986
487,havoysund,70.9963,24.6622,26.83,78,6,10.02,NO,1670074986
488,chutove,49.7104,35.1603,28.51,63,94,15.05,UA,1670074986
489,neutraubling,48.9833,12.2,38.79,90,83,4.99,DE,1670074986
490,neiafu,-18.65,-173.9833,72.28,100,40,0.0,TO,1670074986
491,casper,42.8666,-106.3131,21.79,53,0,14.97,US,1670074987
492,grindavik,63.8424,-22.4338,36.07,100,0,3.44,IS,1670074987
493,mehamn,71.0357,27.8492,30.11,80,4,20.71,NO,1670074987
494,concepcion,-36.827,-73.0498,67.8,64,20,10.36,CL,1670074987
495,byron bay,-28.65,153.6167,61.95,68,32,12.26,AU,1670074988
496,altay,47.8667,88.1167,1.17,66,0,7.43,CN,1670074988
497,altamont,42.2068,-121.7372,17.44,79,75,10.36,US,1670074988
498,milton,34.1322,-84.3007,54.81,92,97,2.86,US,1670074989
499,tual,-5.6667,132.75,83.34,69,41,2.26,ID,1670074989
500,minbu,20.1833,94.8833,80.26,59,0,1.36,MM,1670074989
501,vanderhoof,54.0166,-124.0198,-8.86,99,70,1.25,CA,1670074989
502,khorixas,-20.3667,14.9667,96.58,13,2,19.6,NA,1670074989
503,cayenne,4.9333,-52.3333,80.64,83,100,2.3,GF,1670074990
504,port pirie,-33.1833,138.0167,77.77,20,0,7.85,AU,1670074990
505,baruun-urt,46.6806,113.2792,-7.76,85,0,8.3,MN,1670074990
506,neyshabur,36.2133,58.7958,47.08,52,100,3.83,IR,1670074990
507,nipawin,53.3668,-104.0009,-9.36,77,75,16.11,CA,1670074991
508,bilibino,68.0546,166.4372,-15.21,96,7,5.23,RU,1670074991
509,caravelas,-17.7125,-39.2481,77.49,86,99,8.37,BR,1670074991
510,dicabisagan,17.0818,122.4157,76.87,90,93,3.29,PH,1670074992
511,liverpool,53.4106,-2.9779,46.18,84,16,1.99,GB,1670074821
512,bykovo,55.6361,38.0803,19.81,93,100,8.95,RU,1670074992
513,rodrigues alves,-7.738,-72.6509,71.8,78,100,2.86,BR,1670074992
514,shuiji,27.4214,118.345,53.69,98,100,1.63,CN,1670074993
515,varadero,23.1536,-81.2514,74.16,75,35,22.53,CU,1670074993
516,mount pleasant,32.7941,-79.8626,60.78,97,40,0.0,US,1670074994
517,nagahama,35.3833,136.2667,43.66,97,27,0.6,JP,1670074994
518,kigoma,-4.8769,29.6267,79.63,65,100,4.21,TZ,1670074994
519,fort nelson,58.8053,-122.7002,-8.01,77,0,4.61,CA,1670074994
520,tigil,57.8,158.6667,-3.39,97,40,7.14,RU,1670074994
521,roald,62.5833,6.1333,39.33,65,40,13.8,NO,1670074995
522,north bend,43.4065,-124.2243,46.08,73,0,11.5,US,1670074995
523,ayia anna,34.9399,33.4843,71.26,59,0,3.44,CY,1670074995
524,copiapo,-27.3667,-70.3333,58.69,39,0,6.31,CL,1670074995
525,westerland,54.9079,8.3033,36.01,93,100,18.41,DE,1670074996
526,japura,-0.3167,102.35,75.2,96,96,0.92,ID,1670074996
527,teknaf,20.8624,92.3058,73.67,77,4,8.59,BD,1670074996
528,petropavlovsk-kamchatskiy,53.0452,158.6483,0.19,78,75,8.95,RU,1670074996
529,obigarm,38.7173,69.7088,30.85,87,98,5.06,TJ,1670074996
530,los llanos de aridane,28.6585,-17.9182,66.13,58,40,8.05,ES,1670074997
531,matara,5.9485,80.5353,78.06,84,81,1.54,LK,1670074997
532,ostrovnoy,68.0531,39.5131,18.79,93,65,8.86,RU,1670074997
533,maues,-3.3836,-57.7186,86.58,61,100,2.17,BR,1670074997
534,nizhniy baskunchak,48.2198,46.8311,20.97,33,0,14.5,RU,1670074998
535,camp verde,34.5636,-111.8543,56.77,58,100,1.9,US,1670074998
536,manaus,-3.1019,-60.025,81.09,83,75,6.91,BR,1670074756
537,pimentel,-6.8367,-79.9342,68.29,83,75,14.97,PE,1670074998
538,alvand,36.3187,49.1678,34.36,96,100,5.57,IR,1670074998
539,erzin,36.9559,36.2,61.57,70,5,0.92,TR,1670074999
540,ketchikan,55.3422,-131.6461,28.38,50,0,6.91,US,1670074999
541,fillmore,43.6666,-92.1002,7.38,78,0,19.57,US,1670074999
542,karakol,42.4907,78.3936,20.8,66,5,5.53,KG,1670074999
543,peniche,39.3558,-9.3811,58.1,86,100,10.33,PT,1670074929
544,limon,10.0,-83.0333,75.09,88,40,4.61,CR,1670075000
545,shaunavon,49.6501,-108.4181,-2.42,84,98,3.78,CA,1670075000
546,snyder,32.7179,-100.9176,39.54,45,0,17.27,US,1670075000
547,hlukhiv,51.6782,33.9162,26.96,74,99,12.84,UA,1670075001
548,zaraza,9.3503,-65.3245,82.99,65,83,5.61,VE,1670075001
549,kensington,-33.9167,151.2167,65.12,82,0,1.01,AU,1670075001
550,kindu,-2.95,25.95,82.83,63,100,3.02,CD,1670075002
551,kahta,37.7855,38.6237,62.04,55,20,3.44,TR,1670075002
552,potam,27.6,-110.3833,70.39,42,96,6.67,MX,1670075002
553,lorengau,-2.0226,147.2712,81.45,77,99,5.79,PG,1670075002
554,sorong,-0.8833,131.25,80.2,81,100,3.76,ID,1670075003
555,sorland,67.667,12.6934,39.06,68,91,14.25,NO,1670075003
556,hit,33.6416,42.8251,66.22,49,61,7.31,IQ,1670075003
557,challans,46.8436,-1.8749,41.2,91,100,11.01,FR,1670074730
558,sola,-13.8833,167.55,82.04,72,100,11.65,VU,1670075003
559,henties bay,-22.116,14.2845,63.66,71,18,13.94,NA,1670075004
560,cantaura,9.3057,-64.3584,82.15,58,99,7.61,VE,1670075004
561,gravelbourg,49.8834,-106.5512,-0.13,80,100,7.11,CA,1670075004
562,taltal,-25.4,-70.4833,68.16,67,0,6.62,CL,1670075005
563,olinda,-8.0089,-34.8553,82.13,69,40,10.36,BR,1670075005
564,wollongong,-34.4333,150.8833,63.09,88,0,5.57,AU,1670075005
565,koslan,63.4564,48.8989,2.48,99,92,2.35,RU,1670075006
566,mount isa,-20.7333,139.5,67.77,68,4,1.14,AU,1670075006
567,sovetskiy,61.3614,63.5842,3.38,96,43,5.08,RU,1670075006
568,vuktyl,63.8567,57.3094,5.04,98,95,1.72,RU,1670075006
569,finnsnes,69.2296,17.9811,2.01,76,3,4.47,NO,1670075007
570,santiago del estero,-27.7951,-64.2615,88.48,25,0,6.02,AR,1670075007
571,mbuji-mayi,-6.15,23.6,81.43,63,100,3.29,CD,1670075007
572,obregon,11.9566,-85.9636,77.09,79,10,11.74,NI,1670075007
